<?xml version="1.0" encoding="UTF-8" standalone="yes"?>
<securityBindings xmlns="http://www.ibm.com/xmlns/prod/websphere/200710/ws-securitybinding">
    <securityBinding name="application">
        <securityOutboundBindingConfig>
            <signingInfo order="1" name="symmetric-signingInfoRequest">
                <signingKeyInfo reference="gen_signkeyinfo"/>
                <signingPartReference reference="request:app_signparts">
                    <transform algorithm="http://www.w3.org/2001/10/xml-exc-c14n#"/>
                </signingPartReference>
            </signingInfo>
            <encryptionInfo order="3" name="symmetric-encryptionInfoRequest">
                <encryptionPartReference reference="request:app_encparts">
                    <dataEncryptionKeyInfo reference="gen_enckeyinfo"/>
                </encryptionPartReference>
            </encryptionInfo>
            <keyInfo classname="com.ibm.ws.wssecurity.wssapi.CommonContentGenerator" type="STRREF" name="gen_signkeyinfo">
                <tokenReference reference="SymmetricGenerator"/>
                <derivedKeyInfo serviceLabel="WS-SecureConversation" clientLabel="WS-SecureConversation">
                    <requireDerivedKeys/>
                    <requireExplicitDerivedKeys/>
                </derivedKeyInfo>
            </keyInfo>
            <keyInfo classname="com.ibm.ws.wssecurity.wssapi.CommonContentGenerator" type="STRREF" name="gen_enckeyinfo">
                <tokenReference reference="SymmetricGenerator"/>
                <derivedKeyInfo serviceLabel="WS-SecureConversation" clientLabel="WS-SecureConversation">
                    <requireDerivedKeys/>
                    <requireExplicitDerivedKeys/>
                </derivedKeyInfo>
            </keyInfo>
            <tokenGenerator classname="com.ibm.ws.wssecurity.wssapi.token.impl.CommonTokenGenerator" name="SymmetricGenerator">
                <valueType uri="" localName="http://schemas.xmlsoap.org/ws/2005/02/sc/sct"/>
                <jAASConfig configName="system.wss.generate.sct"/>
                <callbackHandler classname="com.ibm.ws.wssecurity.impl.auth.callback.WSTrustCallbackHandler"/>
            </tokenGenerator>
        </securityOutboundBindingConfig>
        <securityInboundBindingConfig>
            <signingInfo name="symmetric-signingInfoResponse">
                <signingKeyInfo reference="con_signkeyinfo"/>
                <signingPartReference reference="response:app_signparts">
                    <transform algorithm="http://www.w3.org/2001/10/xml-exc-c14n#"/>
                </signingPartReference>
            </signingInfo>
            <encryptionInfo name="symmetric-encryptionInfoResponse">
                <encryptionPartReference reference="response:app_encparts">
                    <dataEncryptionKeyInfo reference="dec_keyinfo"/>
                </encryptionPartReference>
            </encryptionInfo>
            <keyInfo classname="com.ibm.ws.wssecurity.wssapi.CommonContentConsumer" name="dec_keyinfo">
                <tokenReference reference="SymmetricConsumer"/>
                <derivedKeyInfo serviceLabel="WS-SecureConversation" clientLabel="WS-SecureConversation">
                    <requireDerivedKeys/>
                    <requireExplicitDerivedKeys/>
                </derivedKeyInfo>
            </keyInfo>
            <keyInfo classname="com.ibm.ws.wssecurity.wssapi.CommonContentConsumer" name="con_signkeyinfo">
                <tokenReference reference="SymmetricConsumer"/>
                <derivedKeyInfo serviceLabel="WS-SecureConversation" clientLabel="WS-SecureConversation">
                    <requireDerivedKeys/>
                    <requireExplicitDerivedKeys/>
                </derivedKeyInfo>
            </keyInfo>
            <tokenConsumer classname="com.ibm.ws.wssecurity.wssapi.token.impl.CommonTokenConsumer" name="SymmetricConsumer">
                <valueType uri="" localName="http://schemas.xmlsoap.org/ws/2005/02/sc/sct"/>
                <jAASConfig configName="system.wss.consume.sct"/>
                <callbackHandler classname="com.ibm.ws.wssecurity.impl.auth.callback.SCTConsumeCallbackHandler"/>
            </tokenConsumer>
        </securityInboundBindingConfig>
        <explicitlyProtectSignatureConfirmation/>
    </securityBinding>
    <securityBinding name="bootstrap">
        <securityOutboundBindingConfig>
            <signingInfo order="1" name="asymmetric-signingInfoRequest">
                <signingKeyInfo reference="gen_signkeyinfo"/>
                <signingPartReference reference="request:bootstrap_signparts">
                    <transform algorithm="http://www.w3.org/2001/10/xml-exc-c14n#"/>
                </signingPartReference>
            </signingInfo>
            <encryptionInfo order="3" name="asymmetric-encryptionInfoRequest">
                <keyEncryptionKeyInfo reference="gen_enckeyinfo"/>
                <encryptionPartReference reference="request:bootstrap_encparts"/>
            </encryptionInfo>
            <keyInfo classname="com.ibm.ws.wssecurity.wssapi.CommonContentGenerator" type="STRREF" name="gen_signkeyinfo">
                <tokenReference reference="gen_signtgen"/>
            </keyInfo>
            <keyInfo classname="com.ibm.ws.wssecurity.wssapi.CommonContentGenerator" type="KEYID" name="gen_enckeyinfo">
                <tokenReference reference="gen_enctgen"/>
            </keyInfo>
            <tokenGenerator classname="com.ibm.ws.wssecurity.wssapi.token.impl.CommonTokenGenerator" name="gen_signtgen">
                <valueType uri="" localName="http://docs.oasis-open.org/wss/2004/01/oasis-200401-wss-x509-token-profile-1.0#X509v3"/>
                <jAASConfig configName="system.wss.generate.x509"/>
                <callbackHandler classname="com.ibm.websphere.wssecurity.callbackhandler.X509GenerateCallbackHandler">
                    <keyStore type="JKS" storepass="{xor}PDM2OjEr" path="${USER_INSTALL_ROOT}/etc/ws-security/samples/dsig-sender.ks"/>
                    <key name="CN=SOAPRequester, OU=TRL, O=IBM, ST=Kanagawa, C=JP" keypass="{xor}PDM2OjEr" alias="soaprequester"/>
                </callbackHandler>
            </tokenGenerator>
            <tokenGenerator classname="com.ibm.ws.wssecurity.wssapi.token.impl.CommonTokenGenerator" name="gen_enctgen">
                <valueType uri="" localName="http://docs.oasis-open.org/wss/2004/01/oasis-200401-wss-x509-token-profile-1.0#X509v3"/>
                <jAASConfig configName="system.wss.generate.x509"/>
                <callbackHandler classname="com.ibm.websphere.wssecurity.callbackhandler.X509GenerateCallbackHandler">
                    <keyStore type="JCEKS" storepass="{xor}LCswLTovPiws" path="${USER_INSTALL_ROOT}/etc/ws-security/samples/enc-sender.jceks"/>
                    <key name="CN=Bob, O=IBM, C=US" keypass="{xor}" alias="bob"/>
                </callbackHandler>
            </tokenGenerator>
        </securityOutboundBindingConfig>
        <securityInboundBindingConfig>
            <signingInfo name="asymmetric-signingInfoResponse">
                <signingKeyInfo reference="con_signkeyinfo"/>
                <signingPartReference reference="response:bootstrap_signparts">
                    <transform algorithm="http://www.w3.org/2001/10/xml-exc-c14n#"/>
                </signingPartReference>
            </signingInfo>
            <encryptionInfo name="asymmetric-encryptionInfoResponse">
                <keyEncryptionKeyInfo reference="dec_keyinfo"/>
                <encryptionPartReference reference="response:bootstrap_encparts"/>
            </encryptionInfo>
            <keyInfo classname="com.ibm.ws.wssecurity.wssapi.CommonContentConsumer" name="dec_keyinfo">
                <tokenReference reference="con_tcon"/>
            </keyInfo>
            <keyInfo classname="com.ibm.ws.wssecurity.wssapi.CommonContentConsumer" name="con_signkeyinfo">
                <tokenReference reference="con_vertcon1"/>
            </keyInfo>
            <tokenConsumer classname="com.ibm.ws.wssecurity.wssapi.token.impl.CommonTokenConsumer" name="con_tcon">
                <valueType uri="" localName="http://docs.oasis-open.org/wss/2004/01/oasis-200401-wss-x509-token-profile-1.0#X509v3"/>
                <jAASConfig configName="system.wss.consume.x509"/>
                <callbackHandler classname="com.ibm.websphere.wssecurity.callbackhandler.X509ConsumeCallbackHandler">
                    <keyStore type="JCEKS" storepass="{xor}LCswLTovPiws" path="${USER_INSTALL_ROOT}/etc/ws-security/samples/enc-sender.jceks"/>
                    <key name="CN=Alice, O=IBM, C=US" keypass="{xor}NDomLz4sLA==" alias="alice"/>
                    <certPathSettings>
                        <trustAnyCertificate/>
                    </certPathSettings>
                </callbackHandler>
            </tokenConsumer>
            <tokenConsumer classname="com.ibm.ws.wssecurity.wssapi.token.impl.CommonTokenConsumer" name="con_vertcon1">
                <valueType uri="" localName="http://docs.oasis-open.org/wss/2004/01/oasis-200401-wss-x509-token-profile-1.0#X509v3"/>
                <jAASConfig configName="system.wss.consume.x509"/>
                <callbackHandler classname="com.ibm.websphere.wssecurity.callbackhandler.X509ConsumeCallbackHandler">
                    <certPathSettings>
                        <trustAnchorRef reference="DigSigTrustAnchor"/>
                        <certStoreRef reference="DigSigCertStore"/>
                    </certPathSettings>
                </callbackHandler>
            </tokenConsumer>
            <trustAnchor name="DigSigTrustAnchor">
                <keyStore type="JKS" storepass="{xor}PDM2OjEr" path="${USER_INSTALL_ROOT}/etc/ws-security/samples/dsig-sender.ks"/>
            </trustAnchor>
            <certStoreList>
                <collectionCertStores provider="IBMCertPath" name="DigSigCertStore">
                    <x509Certificates path="${USER_INSTALL_ROOT}/etc/ws-security/samples/intca2.cer"/>
                </collectionCertStores>
            </certStoreList>
        </securityInboundBindingConfig>
        <explicitlyProtectSignatureConfirmation/>
    </securityBinding>
</securityBindings>
